bplist00Ñ_WebMainResourceÕ	
_WebResourceData_WebResourceMIMEType_WebResourceTextEncodingName^WebResourceURL_WebResourceFrameNameOÚ<html><head></head><body><pre style="word-wrap: break-word; white-space: pre-wrap;">Surgery,Anomalous coronary artery repair,National,63,53,53,0,7,7,0
Surgery,Anomalous coronary artery repair,Great Ormond Street Hospital for Sick Children,13,11,11,0,0,0,0
Surgery,Anomalous coronary artery repair,Royal Liverpool Children's Hospital,8,8,8,0,0,0,0
Surgery,Anomalous coronary artery repair,Glenfield Hospital,7,7,7,0,0,0,0
Surgery,Anomalous coronary artery repair,Guy's Hospital,5,4,4,0,1,1,0
Surgery,Anomalous coronary artery repair,Royal Brompton Hospital,5,4,4,0,1,1,0
Surgery,Anomalous coronary artery repair,Birmingham Childrens Hospital,4,4,4,0,0,0,0
Surgery,Anomalous coronary artery repair,Wessex Cardiothoracic Centre Southampton,4,2,2,0,2,2,0
Surgery,Anomalous coronary artery repair,Freeman Hospital,2,2,2,0,0,0,0
Surgery,Anomalous coronary artery repair,University College Hospital London,2,0,0,0,2,2,0
Surgery,Anomalous coronary artery repair,Bristol Children's Hospital,1,1,1,0,0,0,0
Surgery,Anomalous coronary artery repair,John Radcliffe Hospital,1,1,1,0,0,0,0
Surgery,Aortic root replacement (not Ross),National,157,26,25,1,128,125,3
Surgery,Aortic root replacement (not Ross),Royal Brompton Hospital,22,1,1,0,20,19,1
Surgery,Aortic root replacement (not Ross),Wessex Cardiothoracic Centre Southampton,16,1,1,0,14,14,0
Surgery,Aortic root replacement (not Ross),Freeman Hospital,13,1,1,0,12,12,0
Surgery,Aortic root replacement (not Ross),Bristol Children's Hospital,12,2,2,0,10,10,0
Surgery,Aortic root replacement (not Ross),Glenfield Hospital,10,4,4,0,6,6,0
Surgery,Aortic root replacement (not Ross),Yorkshire Heart Centre,10,1,1,0,9,9,0
Surgery,Aortic root replacement (not Ross),University College Hospital London,10,0,0,0,10,10,0
Surgery,Aortic root replacement (not Ross),Guy's Hospital,9,2,2,0,7,7,0
Surgery,Aortic root replacement (not Ross),Liverpool Heart and Chest Hospital,8,0,0,0,8,8,0
Surgery,Aortic root replacement (not Ross),John Radcliffe Hospital,6,1,1,0,5,5,0
Surgery,Aortic root replacement (not Ross),Great Ormond Street Hospital for Sick Children,4,3,3,0,1,1,0
Surgery,Aortic root replacement (not Ross),Birmingham Childrens Hospital,3,3,2,1,0,0,0
Surgery,Aortic root replacement (not Ross),Manchester Royal Infirmary,3,0,0,0,3,1,2
Surgery,Aortic root replacement (not Ross),Nottingham City Hospital,2,0,0,0,2,2,0
Surgery,Aortic root replacement (not Ross),Royal Liverpool Children's Hospital,1,1,1,0,0,0,0
Surgery,Aortic root replacement (not Ross),St George's Hospital,1,0,0,0,1,1,0
Surgery,Aortic root replacement (not Ross),King's College Hospital,1,0,0,0,1,1,0
Surgery,Aortic root replacement (not Ross),Queen Elizabeth Hospital Birmingham,1,0,0,0,1,1,0
Surgery,Aortic root replacement (not Ross),Royal Sussex County Hospital,1,0,0,0,1,1,0
Surgery,Aortic Valve Replacement - non Ross,National,448,56,56,0,377,371,6
Surgery,Aortic Valve Replacement - non Ross,Royal Brompton Hospital,75,1,1,0,72,72,0
Surgery,Aortic Valve Replacement - non Ross,John Radcliffe Hospital,34,1,1,0,33,32,1
Surgery,Aortic Valve Replacement - non Ross,Bristol Children's Hospital,32,6,6,0,25,25,0
Surgery,Aortic Valve Replacement - non Ross,Guy's Hospital,32,3,3,0,27,27,0
Surgery,Aortic Valve Replacement - non Ross,Yorkshire Heart Centre,31,5,5,0,22,21,1
Surgery,Aortic Valve Replacement - non Ross,Wessex Cardiothoracic Centre Southampton,30,5,5,0,23,22,1
Surgery,Aortic Valve Replacement - non Ross,Glenfield Hospital,28,5,5,0,22,22,0
Surgery,Aortic Valve Replacement - non Ross,Birmingham Childrens Hospital,20,13,13,0,6,6,0
Surgery,Aortic Valve Replacement - non Ross,Queen Elizabeth Hospital Birmingham,18,0,0,0,18,18,0
Surgery,Aortic Valve Replacement - non Ross,Liverpool Heart and Chest Hospital,16,0,0,0,15,14,1
Surgery,Aortic Valve Replacement - non Ross,University College Hospital London,16,0,0,0,16,16,0
Surgery,Aortic Valve Replacement - non Ross,Royal Sussex County Hospital,14,0,0,0,14,13,1
Surgery,Aortic Valve Replacement - non Ross,Freeman Hospital,13,1,1,0,11,11,0
Surgery,Aortic Valve Replacement - non Ross,Manchester Royal Infirmary,8,0,0,0,8,7,1
Surgery,Aortic Valve Replacement - non Ross,St George's Hospital,7,0,0,0,7,7,0
Surgery,Aortic Valve Replacement - non Ross,Royal Liverpool Children's Hospital,5,4,4,0,1,1,0
Surgery,Aortic Valve Replacement - non Ross,Nottingham City Hospital,5,0,0,0,5,5,0
Surgery,Aortic Valve Replacement - non Ross,Great Ormond Street Hospital for Sick Children,4,3,3,0,1,1,0
Surgery,Aortic Valve Replacement - non Ross,King's College Hospital,1,0,0,0,1,1,0
Surgery,Aortic Valve Replacement - non Ross,Northern General Hospital,1,0,0,0,1,1,0
Surgery,Aortic valve replacement - Ross,National,149,88,88,0,58,58,0
Surgery,Aortic valve replacement - Ross,Royal Brompton Hospital,34,18,18,0,15,15,0
Surgery,Aortic valve replacement - Ross,Freeman Hospital,26,7,7,0,19,19,0
Surgery,Aortic valve replacement - Ross,Birmingham Childrens Hospital,18,16,16,0,1,1,0
Surgery,Aortic valve replacement - Ross,Royal Liverpool Children's Hospital,15,13,13,0,1,1,0
Surgery,Aortic valve replacement - Ross,Great Ormond Street Hospital for Sick Children,15,14,14,0,1,1,0
Surgery,Aortic valve replacement - Ross,Wessex Cardiothoracic Centre Southampton,9,3,3,0,6,6,0
Surgery,Aortic valve replacement - Ross,Guy's Hospital,7,4,4,0,3,3,0
Surgery,Aortic valve replacement - Ross,Bristol Children's Hospital,5,2,2,0,3,3,0
Surgery,Aortic valve replacement - Ross,Glenfield Hospital,3,3,3,0,0,0,0
Surgery,Aortic valve replacement - Ross,Queen Elizabeth Hospital Birmingham,3,0,0,0,3,3,0
Surgery,Aortic valve replacement - Ross,Manchester Royal Infirmary,2,0,0,0,2,2,0
Surgery,Aortic valve replacement - Ross,University College Hospital London,1,0,0,0,1,1,0
Surgery,Aortic valvoplasty,National,82,48,48,0,30,30,0
Surgery,Aortic valvoplasty,Freeman Hospital,14,8,8,0,6,6,0
Surgery,Aortic valvoplasty,Wessex Cardiothoracic Centre Southampton,10,6,6,0,3,3,0
Surgery,Aortic valvoplasty,Guy's Hospital,7,6,6,0,1,1,0
Surgery,Aortic valvoplasty,Great Ormond Street Hospital for Sick Children,6,4,4,0,2,2,0
Surgery,Aortic valvoplasty,Glenfield Hospital,6,2,2,0,4,4,0
Surgery,Aortic valvoplasty,Royal Brompton Hospital,6,5,5,0,1,1,0
Surgery,Aortic valvoplasty,Royal Liverpool Children's Hospital,4,3,3,0,1,1,0
Surgery,Aortic valvoplasty,Birmingham Childrens Hospital,4,3,3,0,0,0,0
Surgery,Aortic valvoplasty,Yorkshire Heart Centre,4,2,2,0,1,1,0
Surgery,Aortic valvoplasty,Manchester Royal Infirmary,3,0,0,0,3,3,0
Surgery,Aortic valvoplasty,Bristol Children's Hospital,2,0,0,0,2,2,0
Surgery,Aortic valvoplasty,Queen Elizabeth Hospital Birmingham,2,0,0,0,2,2,0
Surgery,Aortic valvoplasty,John Radcliffe Hospital,2,1,1,0,0,0,0
Surgery,Aortic valvoplasty,University College Hospital London,2,0,0,0,2,2,0
Surgery,Aortic valvotomy,National,52,46,45,1,5,5,0
Surgery,Aortic valvotomy,Birmingham Childrens Hospital,14,14,14,0,0,0,0
Surgery,Aortic valvotomy,Royal Brompton Hospital,7,6,6,0,1,1,0
Surgery,Aortic valvotomy,Wessex Cardiothoracic Centre Southampton,7,6,6,0,0,0,0
Surgery,Aortic valvotomy,Freeman Hospital,5,2,2,0,3,3,0
Surgery,Aortic valvotomy,Royal Liverpool Children's Hospital,4,4,4,0,0,0,0
Surgery,Aortic valvotomy,Bristol Children's Hospital,3,2,2,0,1,1,0
Surgery,Aortic valvotomy,Great Ormond Street Hospital for Sick Children,1,1,1,0,0,0,0
Surgery,Aortic valvotomy,Yorkshire Heart Centre,1,1,1,0,0,0,0
Surgery,Aortopulmonary window repair,National,21,21,20,1,0,0,0
Surgery,Aortopulmonary window repair,Wessex Cardiothoracic Centre Southampton,5,5,5,0,0,0,0
Surgery,Aortopulmonary window repair,Bristol Children's Hospital,3,3,3,0,0,0,0
Surgery,Aortopulmonary window repair,Royal Brompton Hospital,3,3,2,1,0,0,0
Surgery,Aortopulmonary window repair,Birmingham Childrens Hospital,2,2,2,0,0,0,0
Surgery,Aortopulmonary window repair,Yorkshire Heart Centre,2,2,2,0,0,0,0
Surgery,Aortopulmonary window repair,John Radcliffe Hospital,2,2,2,0,0,0,0
Surgery,Aortopulmonary window repair,Royal Liverpool Children's Hospital,1,1,1,0,0,0,0
Surgery,Aortopulmonary window repair,Guy's Hospital,1,1,1,0,0,0,0
Surgery,Arterial shunt,National,575,489,441,48,5,4,1
Surgery,Arterial shunt,Royal Brompton Hospital,65,47,43,4,0,0,0
Surgery,Arterial shunt,Yorkshire Heart Centre,58,52,46,6,0,0,0
Surgery,Arterial shunt,Royal Liverpool Children's Hospital,56,49,45,4,0,0,0
Surgery,Arterial shunt,Birmingham Childrens Hospital,55,49,43,6,0,0,0
Surgery,Arterial shunt,Guy's Hospital,51,47,40,7,0,0,0
Surgery,Arterial shunt,Great Ormond Street Hospital for Sick Children,46,37,33,4,0,0,0
Surgery,Arterial shunt,Bristol Children's Hospital,39,36,32,4,0,0,0
Surgery,Arterial shunt,Glenfield Hospital,39,35,34,1,2,1,1
Surgery,Arterial shunt,Freeman Hospital,32,25,25,0,1,1,0
Surgery,Arterial shunt,Wessex Cardiothoracic Centre Southampton,16,11,9,2,0,0,0
Surgery,Arterial shunt,John Radcliffe Hospital,15,12,11,1,0,0,0
Surgery,Arterial shunt,University College Hospital London,2,0,0,0,2,2,0
Surgery,Arterial switch (for isolated transposition),National,440,425,422,3,0,0,0
Surgery,Arterial switch (for isolated transposition),Royal Brompton Hospital,59,57,57,0,0,0,0
Surgery,Arterial switch (for isolated transposition),Great Ormond Street Hospital for Sick Children,56,54,54,0,0,0,0
Surgery,Arterial switch (for isolated transposition),Guy's Hospital,44,44,44,0,0,0,0
Surgery,Arterial switch (for isolated transposition),Bristol Children's Hospital,43,41,41,0,0,0,0
Surgery,Arterial switch (for isolated transposition),Royal Liverpool Children's Hospital,42,41,40,1,0,0,0
Surgery,Arterial switch (for isolated transposition),Birmingham Childrens Hospital,39,36,36,0,0,0,0
Surgery,Arterial switch (for isolated transposition),Yorkshire Heart Centre,38,37,37,0,0,0,0
Surgery,Arterial switch (for isolated transposition),Glenfield Hospital,28,28,28,0,0,0,0
Surgery,Arterial switch (for isolated transposition),Freeman Hospital,18,17,17,0,0,0,0
Surgery,Arterial switch (for isolated transposition),Wessex Cardiothoracic Centre Southampton,15,14,14,0,0,0,0
Surgery,Arterial switch + VSD closure,National,162,148,143,5,0,0,0
Surgery,Arterial switch + VSD closure,Guy's Hospital,26,25,24,1,0,0,0
Surgery,Arterial switch + VSD closure,Royal Brompton Hospital,24,21,20,1,0,0,0
Surgery,Arterial switch + VSD closure,Birmingham Childrens Hospital,17,15,15,0,0,0,0
Surgery,Arterial switch + VSD closure,Bristol Children's Hospital,17,15,15,0,0,0,0
Surgery,Arterial switch + VSD closure,Great Ormond Street Hospital for Sick Children,15,13,13,0,0,0,0
Surgery,Arterial switch + VSD closure,Royal Liverpool Children's Hospital,13,13,12,1,0,0,0
Surgery,Arterial switch + VSD closure,Freeman Hospital,11,11,11,0,0,0,0
Surgery,Arterial switch + VSD closure,Yorkshire Heart Centre,11,10,10,0,0,0,0
Surgery,Arterial switch + VSD closure,Glenfield Hospital,5,5,4,1,0,0,0
Surgery,Arterial switch + VSD closure,Wessex Cardiothoracic Centre Southampton,5,5,5,0,0,0,0
Surgery,ASD repair,National,994,623,623,0,364,363,1
Surgery,ASD repair,Great Ormond Street Hospital for Sick Children,127,125,125,0,1,1,0
Surgery,ASD repair,Royal Brompton Hospital,105,58,58,0,47,47,0
Surgery,ASD repair,Yorkshire Heart Centre,82,66,66,0,15,15,0
Surgery,ASD repair,Bristol Children's Hospital,75,55,55,0,20,20,0
Surgery,ASD repair,Wessex Cardiothoracic Centre Southampton,66,43,43,0,23,23,0
Surgery,ASD repair,Royal Liverpool Children's Hospital,64,63,63,0,1,1,0
Surgery,ASD repair,Glenfield Hospital,59,40,40,0,19,19,0
Surgery,ASD repair,Freeman Hospital,40,24,24,0,16,16,0
Surgery,ASD repair,University College Hospital London,40,0,0,0,40,40,0
Surgery,ASD repair,Birmingham Childrens Hospital,39,37,37,0,2,2,0
Surgery,ASD repair,Guy's Hospital,34,16,16,0,16,16,0
Surgery,ASD repair,John Radcliffe Hospital,23,16,16,0,7,7,0
Surgery,ASD repair,Queen Elizabeth Hospital Birmingham,20,0,0,0,20,20,0
Surgery,ASD repair,Manchester Royal Infirmary,19,0,0,0,19,19,0
Surgery,ASD repair,St George's Hospital,18,0,0,0,18,18,0
Surgery,ASD repair,Liverpool Heart and Chest Hospital,17,0,0,0,16,15,1
Surgery,ASD repair,Northern General Hospital,8,0,0,0,8,8,0
Surgery,ASD repair,St Marys Hospital,7,0,0,0,7,7,0
Surgery,ASD repair,Nottingham City Hospital,6,0,0,0,6,6,0
Surgery,ASD repair,King's College Hospital,5,0,0,0,5,5,0
Surgery,ASD repair,Royal Sussex County Hospital,3,0,0,0,3,3,0
Surgery,ASD repair,North Staffordshire Hospital,2,0,0,0,2,2,0
Surgery,ASD repair,Hammersmith Hospital,1,0,0,0,1,1,0
Surgery,Atrioventricular septal defect (complete) repair,National,443,414,406,8,3,3,0
Surgery,Atrioventricular septal defect (complete) repair,Great Ormond Street Hospital for Sick Children,63,58,57,1,0,0,0
Surgery,Atrioventricular septal defect (complete) repair,Royal Brompton Hospital,55,52,50,2,0,0,0
Surgery,Atrioventricular septal defect (complete) repair,Royal Liverpool Children's Hospital,52,52,52,0,0,0,0
Surgery,Atrioventricular septal defect (complete) repair,Freeman Hospital,30,29,29,0,0,0,0
Surgery,Atrioventricular septal defect (complete) repair,Guy's Hospital,30,28,26,2,1,1,0
Surgery,Atrioventricular septal defect (complete) repair,Yorkshire Heart Centre,30,25,24,1,1,1,0
Surgery,Atrioventricular septal defect (complete) repair,Wessex Cardiothoracic Centre Southampton,29,27,25,2,0,0,0
Surgery,Atrioventricular septal defect (complete) repair,Birmingham Childrens Hospital,27,24,24,0,0,0,0
Surgery,Atrioventricular septal defect (complete) repair,Bristol Children's Hospital,24,22,22,0,0,0,0
Surgery,Atrioventricular septal defect (complete) repair,John Radcliffe Hospital,18,18,18,0,0,0,0
Surgery,Atrioventricular septal defect (complete) repair,Glenfield Hospital,17,17,17,0,0,0,0
Surgery,Atrioventricular septal defect (complete) repair,Queen Elizabeth Hospital Birmingham,1,0,0,0,1,1,0
Surgery,Atrioventricular septal defect (partial) repair,National,274,196,195,1,70,69,1
Surgery,Atrioventricular septal defect (partial) repair,Birmingham Childrens Hospital,32,31,31,0,0,0,0
Surgery,Atrioventricular septal defect (partial) repair,Great Ormond Street Hospital for Sick Children,32,31,31,0,0,0,0
Surgery,Atrioventricular septal defect (partial) repair,Royal Brompton Hospital,28,17,17,0,10,10,0
Surgery,Atrioventricular septal defect (partial) repair,Guy's Hospital,26,16,16,0,10,10,0
Surgery,Atrioventricular septal defect (partial) repair,Bristol Children's Hospital,25,16,16,0,9,9,0
Surgery,Atrioventricular septal defect (partial) repair,Royal Liverpool Children's Hospital,21,21,21,0,0,0,0
Surgery,Atrioventricular septal defect (partial) repair,Freeman Hospital,19,10,10,0,7,7,0
Surgery,Atrioventricular septal defect (partial) repair,Wessex Cardiothoracic Centre Southampton,19,13,12,1,5,5,0
Surgery,Atrioventricular septal defect (partial) repair,Yorkshire Heart Centre,13,8,8,0,5,5,0
Surgery,Atrioventricular septal defect (partial) repair,Glenfield Hospital,12,7,7,0,3,3,0
Surgery,Atrioventricular septal defect (partial) repair,University College Hospital London,10,0,0,0,10,10,0
Surgery,Atrioventricular septal defect (partial) repair,Manchester Royal Infirmary,5,0,0,0,5,4,1
Surgery,Atrioventricular septal defect (partial) repair,Queen Elizabeth Hospital Birmingham,4,0,0,0,4,4,0
Surgery,Atrioventricular septal defect (partial) repair,John Radcliffe Hospital,4,4,4,0,0,0,0
Surgery,Atrioventricular septal defect (partial) repair,King's College Hospital,1,0,0,0,1,1,0
Surgery,Atrioventricular septal defect (partial) repair,Royal Sussex County Hospital,1,0,0,0,1,1,0
Surgery,Atrioventricular septal defect and tetralogy repair,National,36,30,28,2,0,0,0
Surgery,Atrioventricular septal defect and tetralogy repair,Guy's Hospital,5,4,3,1,0,0,0
Surgery,Atrioventricular septal defect and tetralogy repair,Royal Liverpool Children's Hospital,4,4,4,0,0,0,0
Surgery,Atrioventricular septal defect and tetralogy repair,Birmingham Childrens Hospital,4,4,4,0,0,0,0
Surgery,Atrioventricular septal defect and tetralogy repair,Bristol Children's Hospital,4,2,2,0,0,0,0
Surgery,Atrioventricular septal defect and tetralogy repair,Freeman Hospital,4,3,2,1,0,0,0
Surgery,Atrioventricular septal defect and tetralogy repair,Glenfield Hospital,4,4,4,0,0,0,0
Surgery,Atrioventricular septal defect and tetralogy repair,Royal Brompton Hospital,2,2,2,0,0,0,0
Surgery,Atrioventricular septal defect and tetralogy repair,Great Ormond Street Hospital for Sick Children,1,1,1,0,0,0,0
Surgery,Bidirectional cavopulmonary shunt,National,674,615,608,7,15,15,0
Surgery,Bidirectional cavopulmonary shunt,Birmingham Childrens Hospital,156,146,144,2,0,0,0
Surgery,Bidirectional cavopulmonary shunt,Guy's Hospital,90,84,83,1,2,2,0
Surgery,Bidirectional cavopulmonary shunt,Great Ormond Street Hospital for Sick Children,71,60,60,0,0,0,0
Surgery,Bidirectional cavopulmonary shunt,Yorkshire Heart Centre,52,41,41,0,6,6,0
Surgery,Bidirectional cavopulmonary shunt,Royal Liverpool Children's Hospital,45,43,42,1,0,0,0
Surgery,Bidirectional cavopulmonary shunt,Royal Brompton Hospital,41,36,36,0,2,2,0
Surgery,Bidirectional cavopulmonary shunt,Bristol Children's Hospital,39,38,38,0,0,0,0
Surgery,Bidirectional cavopulmonary shunt,Freeman Hospital,37,33,33,0,1,1,0
Surgery,Bidirectional cavopulmonary shunt,Wessex Cardiothoracic Centre Southampton,20,20,19,1,0,0,0
Surgery,Bidirectional cavopulmonary shunt,Glenfield Hospital,18,18,18,0,0,0,0
Surgery,Bidirectional cavopulmonary shunt,John Radcliffe Hospital,14,13,13,0,0,0,0
Surgery,Bidirectional cavopulmonary shunt,Queen Elizabeth Hospital Birmingham,2,0,0,0,2,2,0
Surgery,Cor triatriatum repair,National,23,21,21,0,2,2,0
Surgery,Cor triatriatum repair,Guy's Hospital,5,5,5,0,0,0,0
Surgery,Cor triatriatum repair,Bristol Children's Hospital,4,3,3,0,1,1,0
Surgery,Cor triatriatum repair,Yorkshire Heart Centre,4,3,3,0,1,1,0
Surgery,Cor triatriatum repair,Birmingham Childrens Hospital,3,3,3,0,0,0,0
Surgery,Cor triatriatum repair,Royal Liverpool Children's Hospital,2,2,2,0,0,0,0
Surgery,Cor triatriatum repair,Royal Brompton Hospital,2,2,2,0,0,0,0
Surgery,Cor triatriatum repair,John Radcliffe Hospital,2,2,2,0,0,0,0
Surgery,Cor triatriatum repair,Wessex Cardiothoracic Centre Southampton,1,1,1,0,0,0,0
Surgery,Fontan procedure,National,486,420,419,1,19,18,1
Surgery,Fontan procedure,Birmingham Childrens Hospital,100,77,77,0,0,0,0
Surgery,Fontan procedure,Great Ormond Street Hospital for Sick Children,66,63,63,0,0,0,0
Surgery,Fontan procedure,Guy's Hospital,59,52,51,1,2,2,0
Surgery,Fontan procedure,Royal Liverpool Children's Hospital,37,36,36,0,0,0,0
Surgery,Fontan procedure,Freeman Hospital,31,25,25,0,4,4,0
Surgery,Fontan procedure,Royal Brompton Hospital,31,29,29,0,1,1,0
Surgery,Fontan procedure,Yorkshire Heart Centre,24,15,15,0,7,6,1
Surgery,Fontan procedure,Wessex Cardiothoracic Centre Southampton,24,20,20,0,2,2,0
Surgery,Fontan procedure,Bristol Children's Hospital,15,13,13,0,0,0,0
Surgery,Fontan procedure,Glenfield Hospital,12,11,11,0,0,0,0
Surgery,Fontan procedure,Queen Elizabeth Hospital Birmingham,2,0,0,0,2,2,0
Surgery,Fontan procedure,John Radcliffe Hospital,2,2,2,0,0,0,0
Surgery,Heart Transplant,National,104,90,86,4,8,8,0
Surgery,Heart Transplant,Great Ormond Street Hospital for Sick Children,54,50,47,3,2,2,0
Surgery,Heart Transplant,Freeman Hospital,50,40,39,1,6,6,0
Surgery,Interrupted aortic arch repair,National,80,72,66,6,2,2,0
Surgery,Interrupted aortic arch repair,Yorkshire Heart Centre,12,11,10,1,0,0,0
Surgery,Interrupted aortic arch repair,Great Ormond Street Hospital for Sick Children,8,7,7,0,0,0,0
Surgery,Interrupted aortic arch repair,John Radcliffe Hospital,8,7,5,2,0,0,0
Surgery,Interrupted aortic arch repair,Royal Liverpool Children's Hospital,7,7,7,0,0,0,0
Surgery,Interrupted aortic arch repair,Bristol Children's Hospital,6,6,6,0,0,0,0
Surgery,Interrupted aortic arch repair,Birmingham Childrens Hospital,5,5,5,0,0,0,0
Surgery,Interrupted aortic arch repair,Freeman Hospital,5,5,5,0,0,0,0
Surgery,Interrupted aortic arch repair,Guy's Hospital,4,4,3,1,0,0,0
Surgery,Interrupted aortic arch repair,Wessex Cardiothoracic Centre Southampton,4,4,3,1,0,0,0
Surgery,Interrupted aortic arch repair,Royal Brompton Hospital,3,1,1,0,0,0,0
Surgery,Interrupted aortic arch repair,Glenfield Hospital,1,1,1,0,0,0,0
Surgery,Interrupted aortic arch repair,Manchester Royal Infirmary,1,0,0,0,1,1,0
Surgery,Isolated coarctation repair,National,689,623,621,2,26,26,0
Surgery,Isolated coarctation repair,Yorkshire Heart Centre,83,76,76,0,3,3,0
Surgery,Isolated coarctation repair,Guy's Hospital,74,70,70,0,2,2,0
Surgery,Isolated coarctation repair,Royal Brompton Hospital,73,71,70,1,0,0,0
Surgery,Isolated coarctation repair,Bristol Children's Hospital,70,62,62,0,3,3,0
Surgery,Isolated coarctation repair,Great Ormond Street Hospital for Sick Children,65,61,61,0,0,0,0
Surgery,Isolated coarctation repair,Royal Liverpool Children's Hospital,61,60,60,0,0,0,0
Surgery,Isolated coarctation repair,Birmingham Childrens Hospital,47,47,47,0,0,0,0
Surgery,Isolated coarctation repair,Freeman Hospital,36,27,27,0,4,4,0
Surgery,Isolated coarctation repair,Wessex Cardiothoracic Centre Southampton,35,29,29,0,2,2,0
Surgery,Isolated coarctation repair,Glenfield Hospital,26,23,22,1,1,1,0
Surgery,Isolated coarctation repair,John Radcliffe Hospital,23,20,20,0,0,0,0
Surgery,Isolated coarctation repair,University College Hospital London,5,0,0,0,5,5,0
Surgery,Isolated coarctation repair,Liverpool Heart and Chest Hospital,3,0,0,0,3,3,0
Surgery,Isolated coarctation repair,Manchester Royal Infirmary,2,0,0,0,2,2,0
Surgery,Isolated Pulmonary artery band,National,373,318,299,19,0,0,0
Surgery,Isolated Pulmonary artery band,Birmingham Childrens Hospital,55,49,47,2,0,0,0
Surgery,Isolated Pulmonary artery band,Great Ormond Street Hospital for Sick Children,44,38,37,1,0,0,0
Surgery,Isolated Pulmonary artery band,Royal Brompton Hospital,41,36,35,1,0,0,0
Surgery,Isolated Pulmonary artery band,Yorkshire Heart Centre,40,35,33,2,0,0,0
Surgery,Isolated Pulmonary artery band,Royal Liverpool Children's Hospital,31,27,24,3,0,0,0
Surgery,Isolated Pulmonary artery band,Freeman Hospital,25,20,18,2,0,0,0
Surgery,Isolated Pulmonary artery band,Bristol Children's Hospital,20,17,16,1,0,0,0
Surgery,Isolated Pulmonary artery band,Glenfield Hospital,16,16,15,1,0,0,0
Surgery,Isolated Pulmonary artery band,Guy's Hospital,13,10,9,1,0,0,0
Surgery,Isolated Pulmonary artery band,John Radcliffe Hospital,11,10,9,1,0,0,0
Surgery,Isolated Pulmonary artery band,Wessex Cardiothoracic Centre Southampton,11,9,9,0,0,0,0
Surgery,Mitral valve replacement,National,180,77,73,4,90,88,2
Surgery,Mitral valve replacement,Bristol Children's Hospital,20,6,6,0,13,13,0
Surgery,Mitral valve replacement,Freeman Hospital,16,3,3,0,13,12,1
Surgery,Mitral valve replacement,Yorkshire Heart Centre,16,8,8,0,3,3,0
Surgery,Mitral valve replacement,Royal Brompton Hospital,16,5,5,0,11,11,0
Surgery,Mitral valve replacement,Great Ormond Street Hospital for Sick Children,15,14,13,1,1,1,0
Surgery,Mitral valve replacement,Birmingham Childrens Hospital,11,8,7,1,1,1,0
Surgery,Mitral valve replacement,Glenfield Hospital,11,2,2,0,8,8,0
Surgery,Mitral valve replacement,Guy's Hospital,11,6,6,0,5,5,0
Surgery,Mitral valve replacement,Queen Elizabeth Hospital Birmingham,10,0,0,0,10,10,0
Surgery,Mitral valve replacement,Wessex Cardiothoracic Centre Southampton,10,7,7,0,3,3,0
Surgery,Mitral valve replacement,Royal Liverpool Children's Hospital,6,4,3,1,0,0,0
Surgery,Mitral valve replacement,John Radcliffe Hospital,5,3,3,0,1,1,0
Surgery,Mitral valve replacement,Manchester Royal Infirmary,4,0,0,0,4,4,0
Surgery,Mitral valve replacement,University College Hospital London,4,0,0,0,4,4,0
Surgery,Mitral valve replacement,St George's Hospital,3,0,0,0,3,3,0
Surgery,Mitral valve replacement,Northern General Hospital,2,0,0,0,2,2,0
Surgery,Mitral valve replacement,Royal Sussex County Hospital,1,0,0,0,1,1,0
Surgery,Multiple VSD Closure,National,31,31,30,1,0,0,0
Surgery,Multiple VSD Closure,Great Ormond Street Hospital for Sick Children,7,7,7,0,0,0,0
Surgery,Multiple VSD Closure,Birmingham Childrens Hospital,5,5,5,0,0,0,0
Surgery,Multiple VSD Closure,Royal Liverpool Children's Hospital,4,4,4,0,0,0,0
Surgery,Multiple VSD Closure,Glenfield Hospital,4,4,4,0,0,0,0
Surgery,Multiple VSD Closure,Yorkshire Heart Centre,2,2,2,0,0,0,0
Surgery,Multiple VSD Closure,Royal Brompton Hospital,2,2,2,0,0,0,0
Surgery,Multiple VSD Closure,Guy's Hospital,1,1,1,0,0,0,0
Surgery,Norwood procedure (Stage 1),National,339,309,261,48,0,0,0
Surgery,Norwood procedure (Stage 1),Birmingham Childrens Hospital,117,113,96,17,0,0,0
Surgery,Norwood procedure (Stage 1),Guy's Hospital,74,64,49,15,0,0,0
Surgery,Norwood procedure (Stage 1),Great Ormond Street Hospital for Sick Children,45,36,31,5,0,0,0
Surgery,Norwood procedure (Stage 1),Royal Liverpool Children's Hospital,17,16,14,2,0,0,0
Surgery,Norwood procedure (Stage 1),Freeman Hospital,13,12,9,3,0,0,0
Surgery,Norwood procedure (Stage 1),Wessex Cardiothoracic Centre Southampton,13,11,11,0,0,0,0
Surgery,Norwood procedure (Stage 1),Bristol Children's Hospital,8,8,8,0,0,0,0
Surgery,Norwood procedure (Stage 1),Royal Brompton Hospital,8,8,5,3,0,0,0
Surgery,Norwood procedure (Stage 1),Glenfield Hospital,7,6,5,1,0,0,0
Surgery,Norwood procedure (Stage 1),Yorkshire Heart Centre,1,1,1,0,0,0,0
Surgery,PDA ligation (surgical),National,1046,1025,997,28,0,0,0
Surgery,PDA ligation (surgical),Great Ormond Street Hospital for Sick Children,152,148,143,5,0,0,0
Surgery,PDA ligation (surgical),Guy's Hospital,149,146,142,4,0,0,0
Surgery,PDA ligation (surgical),Royal Liverpool Children's Hospital,89,87,83,4,0,0,0
Surgery,PDA ligation (surgical),Wessex Cardiothoracic Centre Southampton,89,88,87,1,0,0,0
Surgery,PDA ligation (surgical),Bristol Children's Hospital,88,88,86,2,0,0,0
Surgery,PDA ligation (surgical),Birmingham Childrens Hospital,82,82,80,2,0,0,0
Surgery,PDA ligation (surgical),Freeman Hospital,68,66,64,2,0,0,0
Surgery,PDA ligation (surgical),Royal Brompton Hospital,66,62,62,0,0,0,0
Surgery,PDA ligation (surgical),Glenfield Hospital,56,56,53,3,0,0,0
Surgery,PDA ligation (surgical),Yorkshire Heart Centre,42,42,41,1,0,0,0
Surgery,PDA ligation (surgical),John Radcliffe Hospital,34,33,31,2,0,0,0
Surgery,Pulmonary atresia VSD repair,National,125,112,111,1,2,2,0
Surgery,Pulmonary atresia VSD repair,Birmingham Childrens Hospital,36,34,34,0,0,0,0
Surgery,Pulmonary atresia VSD repair,Freeman Hospital,17,16,16,0,0,0,0
Surgery,Pulmonary atresia VSD repair,Guy's Hospital,13,11,11,0,0,0,0
Surgery,Pulmonary atresia VSD repair,Yorkshire Heart Centre,12,12,12,0,0,0,0
Surgery,Pulmonary atresia VSD repair,Great Ormond Street Hospital for Sick Children,9,7,7,0,0,0,0
Surgery,Pulmonary atresia VSD repair,Bristol Children's Hospital,7,5,5,0,2,2,0
Surgery,Pulmonary atresia VSD repair,Wessex Cardiothoracic Centre Southampton,5,3,3,0,0,0,0
Surgery,Pulmonary atresia VSD repair,Royal Brompton Hospital,4,4,3,1,0,0,0
Surgery,Pulmonary atresia VSD repair,Glenfield Hospital,3,2,2,0,0,0,0
Surgery,Pulmonary valve replacement,National,799,182,180,2,599,594,5
Surgery,Pulmonary valve replacement,Royal Brompton Hospital,130,24,24,0,104,103,1
Surgery,Pulmonary valve replacement,Freeman Hospital,92,25,24,1,66,65,1
Surgery,Pulmonary valve replacement,Queen Elizabeth Hospital Birmingham,80,0,0,0,80,79,1
Surgery,Pulmonary valve replacement,Bristol Children's Hospital,72,14,13,1,58,57,1
Surgery,Pulmonary valve replacement,University College Hospital London,72,0,0,0,72,72,0
Surgery,Pulmonary valve replacement,Yorkshire Heart Centre,55,4,4,0,42,42,0
Surgery,Pulmonary valve replacement,Wessex Cardiothoracic Centre Southampton,55,13,13,0,42,42,0
Surgery,Pulmonary valve replacement,Guy's Hospital,45,17,17,0,28,28,0
Surgery,Pulmonary valve replacement,Glenfield Hospital,35,2,2,0,31,31,0
Surgery,Pulmonary valve replacement,Manchester Royal Infirmary,35,0,0,0,34,33,1
Surgery,Pulmonary valve replacement,Great Ormond Street Hospital for Sick Children,32,26,26,0,5,5,0
Surgery,Pulmonary valve replacement,Birmingham Childrens Hospital,21,11,11,0,10,10,0
Surgery,Pulmonary valve replacement,John Radcliffe Hospital,6,2,2,0,4,4,0
Surgery,Pulmonary valve replacement,Royal Liverpool Children's Hospital,3,1,1,0,2,2,0
Surgery,Pulmonary valve replacement,Liverpool Heart and Chest Hospital,1,0,0,0,1,1,0
Surgery,Rastelli procedure,National,44,40,39,1,3,2,1
Surgery,Rastelli procedure,Royal Liverpool Children's Hospital,8,7,7,0,0,0,0
Surgery,Rastelli procedure,Bristol Children's Hospital,5,5,5,0,0,0,0
Surgery,Rastelli procedure,Glenfield Hospital,5,5,5,0,0,0,0
Surgery,Rastelli procedure,Royal Brompton Hospital,5,3,3,0,2,2,0
Surgery,Rastelli procedure,Birmingham Childrens Hospital,3,3,2,1,0,0,0
Surgery,Rastelli procedure,Freeman Hospital,2,2,2,0,0,0,0
Surgery,Rastelli procedure,Great Ormond Street Hospital for Sick Children,2,2,2,0,0,0,0
Surgery,Rastelli procedure,Yorkshire Heart Centre,1,1,1,0,0,0,0
Surgery,Rastelli procedure,Queen Elizabeth Hospital Birmingham,1,0,0,0,1,0,1
Surgery,Rastelli procedure,John Radcliffe Hospital,1,1,1,0,0,0,0
Surgery,Rastelli procedure,Wessex Cardiothoracic Centre Southampton,1,1,1,0,0,0,0
Surgery,Repair of total anomalous pulmonary venous drainage,National,183,170,165,5,4,4,0
Surgery,Repair of total anomalous pulmonary venous drainage,Royal Liverpool Children's Hospital,21,19,19,0,0,0,0
Surgery,Repair of total anomalous pulmonary venous drainage,Birmingham Childrens Hospital,20,20,19,1,0,0,0
Surgery,Repair of total anomalous pulmonary venous drainage,Great Ormond Street Hospital for Sick Children,19,17,17,0,1,1,0
Surgery,Repair of total anomalous pulmonary venous drainage,Guy's Hospital,17,17,16,1,0,0,0
Surgery,Repair of total anomalous pulmonary venous drainage,Freeman Hospital,12,11,11,0,0,0,0
Surgery,Repair of total anomalous pulmonary venous drainage,Royal Brompton Hospital,12,12,12,0,0,0,0
Surgery,Repair of total anomalous pulmonary venous drainage,Bristol Children's Hospital,11,11,9,2,0,0,0
Surgery,Repair of total anomalous pulmonary venous drainage,Glenfield Hospital,11,9,9,0,1,1,0
Surgery,Repair of total anomalous pulmonary venous drainage,Yorkshire Heart Centre,10,10,10,0,0,0,0
Surgery,Repair of total anomalous pulmonary venous drainage,Wessex Cardiothoracic Centre Southampton,8,6,6,0,1,1,0
Surgery,Repair of total anomalous pulmonary venous drainage,John Radcliffe Hospital,7,7,7,0,0,0,0
Surgery,Senning or Mustard procedure,National,7,6,5,1,0,0,0
Surgery,Senning or Mustard procedure,Bristol Children's Hospital,2,2,2,0,0,0,0
Surgery,Senning or Mustard procedure,Royal Liverpool Children's Hospital,1,1,1,0,0,0,0
Surgery,Senning or Mustard procedure,Glenfield Hospital,1,1,1,0,0,0,0
Surgery,Senning or Mustard procedure,Yorkshire Heart Centre,1,1,1,0,0,0,0
Surgery,Senning or Mustard procedure,Wessex Cardiothoracic Centre Southampton,1,0,0,0,0,0,0
Surgery,Subvalvar aortic stenosis repair,National,385,303,299,4,64,64,0
Surgery,Subvalvar aortic stenosis repair,Great Ormond Street Hospital for Sick Children,50,43,43,0,5,5,0
Surgery,Subvalvar aortic stenosis repair,Royal Brompton Hospital,46,35,34,1,9,9,0
Surgery,Subvalvar aortic stenosis repair,Birmingham Childrens Hospital,42,38,38,0,1,1,0
Surgery,Subvalvar aortic stenosis repair,Guy's Hospital,32,27,26,1,2,2,0
Surgery,Subvalvar aortic stenosis repair,Royal Liverpool Children's Hospital,29,28,27,1,1,1,0
Surgery,Subvalvar aortic stenosis repair,Bristol Children's Hospital,29,21,21,0,5,5,0
Surgery,Subvalvar aortic stenosis repair,Wessex Cardiothoracic Centre Southampton,29,22,22,0,5,5,0
Surgery,Subvalvar aortic stenosis repair,Yorkshire Heart Centre,19,13,13,0,6,6,0
Surgery,Subvalvar aortic stenosis repair,Freeman Hospital,18,13,13,0,4,4,0
Surgery,Subvalvar aortic stenosis repair,Glenfield Hospital,14,13,13,0,1,1,0
Surgery,Subvalvar aortic stenosis repair,John Radcliffe Hospital,9,6,5,1,3,3,0
Surgery,Subvalvar aortic stenosis repair,Manchester Royal Infirmary,6,0,0,0,6,6,0
Surgery,Subvalvar aortic stenosis repair,Queen Elizabeth Hospital Birmingham,5,0,0,0,5,5,0
Surgery,Subvalvar aortic stenosis repair,University College Hospital London,5,0,0,0,5,5,0
Surgery,Subvalvar aortic stenosis repair,Liverpool Heart and Chest Hospital,2,0,0,0,2,2,0
Surgery,Supravalvar aortic stenosis repair,National,80,71,70,1,6,6,0
Surgery,Supravalvar aortic stenosis repair,Great Ormond Street Hospital for Sick Children,18,17,16,1,1,1,0
Surgery,Supravalvar aortic stenosis repair,Wessex Cardiothoracic Centre Southampton,9,9,9,0,0,0,0
Surgery,Supravalvar aortic stenosis repair,Royal Liverpool Children's Hospital,7,6,6,0,1,1,0
Surgery,Supravalvar aortic stenosis repair,Yorkshire Heart Centre,7,7,7,0,0,0,0
Surgery,Supravalvar aortic stenosis repair,Birmingham Childrens Hospital,6,4,4,0,0,0,0
Surgery,Supravalvar aortic stenosis repair,Freeman Hospital,6,6,6,0,0,0,0
Surgery,Supravalvar aortic stenosis repair,Royal Brompton Hospital,6,6,6,0,0,0,0
Surgery,Supravalvar aortic stenosis repair,Glenfield Hospital,5,5,5,0,0,0,0
Surgery,Supravalvar aortic stenosis repair,Bristol Children's Hospital,4,3,3,0,1,1,0
Surgery,Supravalvar aortic stenosis repair,Guy's Hospital,2,1,1,0,1,1,0
Surgery,Supravalvar aortic stenosis repair,John Radcliffe Hospital,2,2,2,0,0,0,0
Surgery,Supravalvar aortic stenosis repair,Liverpool Heart and Chest Hospital,1,0,0,0,1,1,0
Surgery,Supravalvar aortic stenosis repair,Queen Elizabeth Hospital Birmingham,1,0,0,0,1,1,0
Surgery,TAPVD Repair + Arterial Shunt,National,11,11,6,5,0,0,0
Surgery,TAPVD Repair + Arterial Shunt,Birmingham Childrens Hospital,3,3,0,3,0,0,0
Surgery,TAPVD Repair + Arterial Shunt,Guy's Hospital,3,3,2,1,0,0,0
Surgery,TAPVD Repair + Arterial Shunt,Royal Liverpool Children's Hospital,1,1,1,0,0,0,0
Surgery,TAPVD Repair + Arterial Shunt,Freeman Hospital,1,1,1,0,0,0,0
Surgery,TAPVD Repair + Arterial Shunt,Royal Brompton Hospital,1,1,1,0,0,0,0
Surgery,TAPVD Repair + Arterial Shunt,John Radcliffe Hospital,1,1,0,1,0,0,0
Surgery,Tetralogy repair,National,804,761,754,7,10,10,0
Surgery,Tetralogy repair,Great Ormond Street Hospital for Sick Children,107,96,96,0,0,0,0
Surgery,Tetralogy repair,Royal Liverpool Children's Hospital,105,104,104,0,0,0,0
Surgery,Tetralogy repair,Royal Brompton Hospital,92,91,90,1,1,1,0
Surgery,Tetralogy repair,Bristol Children's Hospital,68,67,67,0,1,1,0
Surgery,Tetralogy repair,Birmingham Childrens Hospital,62,62,60,2,0,0,0
Surgery,Tetralogy repair,Yorkshire Heart Centre,55,49,48,1,0,0,0
Surgery,Tetralogy repair,Guy's Hospital,54,50,50,0,0,0,0
Surgery,Tetralogy repair,Freeman Hospital,47,41,41,0,3,3,0
Surgery,Tetralogy repair,Wessex Cardiothoracic Centre Southampton,45,43,43,0,0,0,0
Surgery,Tetralogy repair,Glenfield Hospital,37,36,36,0,0,0,0
Surgery,Tetralogy repair,John Radcliffe Hospital,22,19,19,0,0,0,0
Surgery,Tetralogy repair,University College Hospital London,2,0,0,0,2,2,0
Surgery,Tetralogy repair,Manchester Royal Infirmary,1,0,0,0,1,1,0
Surgery,Tetralogy with absent pulmonary valve repair,National,23,22,21,1,0,0,0
Surgery,Tetralogy with absent pulmonary valve repair,Birmingham Childrens Hospital,6,6,5,1,0,0,0
Surgery,Tetralogy with absent pulmonary valve repair,Glenfield Hospital,4,4,4,0,0,0,0
Surgery,Tetralogy with absent pulmonary valve repair,Great Ormond Street Hospital for Sick Children,3,2,2,0,0,0,0
Surgery,Tetralogy with absent pulmonary valve repair,Yorkshire Heart Centre,2,2,2,0,0,0,0
Surgery,Tetralogy with absent pulmonary valve repair,Royal Brompton Hospital,2,2,2,0,0,0,0
Surgery,Tetralogy with absent pulmonary valve repair,Wessex Cardiothoracic Centre Southampton,2,2,2,0,0,0,0
Surgery,Tetralogy with absent pulmonary valve repair,Freeman Hospital,1,1,1,0,0,0,0
Surgery,Tetralogy with absent pulmonary valve repair,Guy's Hospital,1,1,1,0,0,0,0
Surgery,Tetralogy with absent pulmonary valve repair,John Radcliffe Hospital,1,1,1,0,0,0,0
Surgery,Tricuspid valve replacement,National,85,9,8,1,75,71,4
Surgery,Tricuspid valve replacement,Royal Brompton Hospital,14,0,0,0,13,12,1
Surgery,Tricuspid valve replacement,Queen Elizabeth Hospital Birmingham,14,0,0,0,14,14,0
Surgery,Tricuspid valve replacement,Yorkshire Heart Centre,10,1,1,0,9,8,1
Surgery,Tricuspid valve replacement,Bristol Children's Hospital,9,0,0,0,9,9,0
Surgery,Tricuspid valve replacement,Freeman Hospital,7,1,1,0,6,5,1
Surgery,Tricuspid valve replacement,Glenfield Hospital,5,1,1,0,4,3,1
Surgery,Tricuspid valve replacement,Manchester Royal Infirmary,5,1,1,0,4,4,0
Surgery,Tricuspid valve replacement,Wessex Cardiothoracic Centre Southampton,4,0,0,0,4,4,0
Surgery,Tricuspid valve replacement,University College Hospital London,4,0,0,0,4,4,0
Surgery,Tricuspid valve replacement,Birmingham Childrens Hospital,2,1,1,0,1,1,0
Surgery,Tricuspid valve replacement,Great Ormond Street Hospital for Sick Children,2,2,2,0,0,0,0
Surgery,Tricuspid valve replacement,Guy's Hospital,2,1,0,1,1,1,0
Surgery,Truncus and interruption repair,National,11,11,8,3,0,0,0
Surgery,Truncus and interruption repair,Birmingham Childrens Hospital,4,4,3,1,0,0,0
Surgery,Truncus and interruption repair,Bristol Children's Hospital,2,2,2,0,0,0,0
Surgery,Truncus and interruption repair,Royal Brompton Hospital,2,2,1,1,0,0,0
Surgery,Truncus arteriosus repair,National,93,84,79,5,0,0,0
Surgery,Truncus arteriosus repair,Birmingham Childrens Hospital,27,25,24,1,0,0,0
Surgery,Truncus arteriosus repair,Freeman Hospital,7,7,7,0,0,0,0
Surgery,Truncus arteriosus repair,Guy's Hospital,7,6,6,0,0,0,0
Surgery,Truncus arteriosus repair,Royal Liverpool Children's Hospital,6,6,6,0,0,0,0
Surgery,Truncus arteriosus repair,Great Ormond Street Hospital for Sick Children,6,5,5,0,0,0,0
Surgery,Truncus arteriosus repair,Royal Brompton Hospital,6,6,5,1,0,0,0
Surgery,Truncus arteriosus repair,Bristol Children's Hospital,4,4,4,0,0,0,0
Surgery,Truncus arteriosus repair,Yorkshire Heart Centre,4,4,4,0,0,0,0
Surgery,Truncus arteriosus repair,Glenfield Hospital,3,3,3,0,0,0,0
Surgery,Truncus arteriosus repair,John Radcliffe Hospital,2,1,1,0,0,0,0
Surgery,Truncus arteriosus repair,Wessex Cardiothoracic Centre Southampton,2,2,1,1,0,0,0
Surgery,VSD Repair,National,997,935,933,2,27,26,1
Surgery,VSD Repair,Great Ormond Street Hospital for Sick Children,151,150,150,0,0,0,0
Surgery,VSD Repair,Royal Brompton Hospital,122,114,114,0,3,3,0
Surgery,VSD Repair,Birmingham Childrens Hospital,77,75,74,1,0,0,0
Surgery,VSD Repair,Yorkshire Heart Centre,75,68,68,0,4,4,0
Surgery,VSD Repair,Royal Liverpool Children's Hospital,71,70,70,0,0,0,0
Surgery,VSD Repair,Bristol Children's Hospital,64,60,60,0,1,1,0
Surgery,VSD Repair,Guy's Hospital,63,62,61,1,0,0,0
Surgery,VSD Repair,Wessex Cardiothoracic Centre Southampton,60,54,54,0,2,2,0
Surgery,VSD Repair,Freeman Hospital,55,51,51,0,0,0,0
Surgery,VSD Repair,Glenfield Hospital,47,45,45,0,1,1,0
Surgery,VSD Repair,John Radcliffe Hospital,44,42,42,0,0,0,0
Surgery,VSD Repair,Liverpool Heart and Chest Hospital,6,0,0,0,6,6,0
Surgery,VSD Repair,King's College Hospital,2,0,0,0,2,1,1
Surgery,VSD Repair,Manchester Royal Infirmary,2,0,0,0,2,2,0
Surgery,VSD Repair,University College Hospital London,2,0,0,0,2,2,0
Surgery,VSD Repair,Nottingham City Hospital,1,0,0,0,1,1,0
Catheter,Aortic balloon valvotomy,National,359,280,270,10,55,51,4
Catheter,Aortic balloon valvotomy,Royal Brompton Hospital,46,36,35,1,5,5,0
Catheter,Aortic balloon valvotomy,Yorkshire Heart Centre,44,35,33,2,5,5,0
Catheter,Aortic balloon valvotomy,Great Ormond Street Hospital for Sick Children,36,34,34,0,2,2,0
Catheter,Aortic balloon valvotomy,Royal Liverpool Children's Hospital,32,30,28,2,1,1,0
Catheter,Aortic balloon valvotomy,Glenfield Hospital,29,26,25,1,3,3,0
Catheter,Aortic balloon valvotomy,Guy's Hospital,29,23,21,2,1,1,0
Catheter,Aortic balloon valvotomy,Bristol Children's Hospital,28,26,25,1,1,1,0
Catheter,Aortic balloon valvotomy,Manchester Royal Infirmary,24,0,0,0,24,20,4
Catheter,Aortic balloon valvotomy,Wessex Cardiothoracic Centre Southampton,17,15,15,0,0,0,0
Catheter,Aortic balloon valvotomy,John Radcliffe Hospital,16,10,10,0,5,5,0
Catheter,Aortic balloon valvotomy,Freeman Hospital,15,11,11,0,2,2,0
Catheter,Aortic balloon valvotomy,Birmingham Childrens Hospital,11,10,10,0,1,1,0
Catheter,Aortic balloon valvotomy,Queen Elizabeth Hospital Birmingham,3,0,0,0,3,3,0
Catheter,ASD closure (catheter),National,1851,618,617,1,1209,1206,3
Catheter,ASD closure (catheter),Royal Brompton Hospital,278,118,117,1,157,157,0
Catheter,ASD closure (catheter),Bristol Children's Hospital,132,43,43,0,87,87,0
Catheter,ASD closure (catheter),Glenfield Hospital,117,29,29,0,86,85,1
Catheter,ASD closure (catheter),Yorkshire Heart Centre,107,35,35,0,69,69,0
Catheter,ASD closure (catheter),John Radcliffe Hospital,99,28,28,0,70,69,1
Catheter,ASD closure (catheter),Freeman Hospital,96,22,22,0,74,74,0
Catheter,ASD closure (catheter),Guy's Hospital,96,46,46,0,49,49,0
Catheter,ASD closure (catheter),Liverpool Heart and Chest Hospital,82,0,0,0,81,81,0
Catheter,ASD closure (catheter),Birmingham Childrens Hospital,79,72,72,0,6,6,0
Catheter,ASD closure (catheter),Wessex Cardiothoracic Centre Southampton,79,32,32,0,45,45,0
Catheter,ASD closure (catheter),Queen Elizabeth Hospital Birmingham,75,0,0,0,75,75,0
Catheter,ASD closure (catheter),Manchester Royal Infirmary,73,0,0,0,71,71,0
Catheter,ASD closure (catheter),St George's Hospital,67,0,0,0,67,67,0
Catheter,ASD closure (catheter),Royal Liverpool Children's Hospital,66,65,65,0,0,0,0
Catheter,ASD closure (catheter),Great Ormond Street Hospital for Sick Children,55,53,53,0,2,2,0
Catheter,ASD closure (catheter),Nottingham City Hospital,42,0,0,0,42,42,0
Catheter,ASD closure (catheter),Royal Sussex County Hospital,36,0,0,0,35,34,1
Catheter,ASD closure (catheter),University College Hospital London,34,0,0,0,33,33,0
Catheter,ASD closure (catheter),St Marys Hospital,12,0,0,0,12,12,0
Catheter,ASD closure (catheter),Hammersmith Hospital,11,0,0,0,11,11,0
Catheter,ASD closure (catheter),Northern General Hospital,7,0,0,0,7,7,0
Catheter,ASD closure (catheter),St Thomas Hospital,7,0,0,0,7,7,0
Catheter,ASD closure (catheter),North Staffordshire Hospital,7,0,0,0,7,7,0
Catheter,ASD closure (catheter),King's College Hospital,4,0,0,0,4,4,0
Catheter,ASD closure (catheter),Essex Cardiothoracic Centre,3,0,0,0,3,3,0
Catheter,ASD closure (catheter),Blackpool Victoria Hospital,2,0,0,0,2,2,0
Catheter,ASD closure (catheter),University Hospital Coventry,2,0,0,0,2,2,0
Catheter,ASD closure (catheter),Hull Royal Infirmary,1,0,0,0,1,1,0
Catheter,ASD closure (catheter),Wolverhampton Heart Centre,1,0,0,0,1,1,0
Catheter,Blade atrial septostomy,National,11,8,7,1,0,0,0
Catheter,Blade atrial septostomy,Bristol Children's Hospital,5,4,3,1,0,0,0
Catheter,Blade atrial septostomy,Freeman Hospital,2,1,1,0,0,0,0
Catheter,Blade atrial septostomy,Guy's Hospital,2,2,2,0,0,0,0
Catheter,Blade atrial septostomy,Royal Liverpool Children's Hospital,1,1,1,0,0,0,0
Catheter,Blade atrial septostomy,Royal Brompton Hospital,1,0,0,0,0,0,0
Catheter,Coarctation angioplasty,National,74,65,64,1,1,1,0
Catheter,Coarctation angioplasty,Royal Liverpool Children's Hospital,20,17,17,0,0,0,0
Catheter,Coarctation angioplasty,Royal Brompton Hospital,18,16,16,0,1,1,0
Catheter,Coarctation angioplasty,Birmingham Childrens Hospital,10,8,8,0,0,0,0
Catheter,Coarctation angioplasty,Guy's Hospital,4,4,4,0,0,0,0
Catheter,Coarctation angioplasty,Wessex Cardiothoracic Centre Southampton,3,3,3,0,0,0,0
Catheter,Coarctation angioplasty,Bristol Children's Hospital,1,1,0,1,0,0,0
Catheter,Coarctation angioplasty,Freeman Hospital,1,1,1,0,0,0,0
Catheter,Coarctation angioplasty,Great Ormond Street Hospital for Sick Children,1,1,1,0,0,0,0
Catheter,Coarctation angioplasty,Glenfield Hospital,1,1,1,0,0,0,0
Catheter,Coarctation angioplasty,Yorkshire Heart Centre,1,1,1,0,0,0,0
Catheter,Coarctation angioplasty,John Radcliffe Hospital,1,1,1,0,0,0,0
Catheter,Coarctation stenting,National,335,108,107,1,219,218,1
Catheter,Coarctation stenting,Bristol Children's Hospital,50,15,15,0,35,35,0
Catheter,Coarctation stenting,Royal Brompton Hospital,48,14,14,0,31,31,0
Catheter,Coarctation stenting,Guy's Hospital,38,14,14,0,24,24,0
Catheter,Coarctation stenting,Yorkshire Heart Centre,34,9,9,0,25,25,0
Catheter,Coarctation stenting,Queen Elizabeth Hospital Birmingham,29,0,0,0,29,28,1
Catheter,Coarctation stenting,John Radcliffe Hospital,23,13,13,0,8,8,0
Catheter,Coarctation stenting,Great Ormond Street Hospital for Sick Children,21,19,18,1,2,2,0
Catheter,Coarctation stenting,Manchester Royal Infirmary,18,0,0,0,18,18,0
Catheter,Coarctation stenting,Wessex Cardiothoracic Centre Southampton,18,4,4,0,12,12,0
Catheter,Coarctation stenting,Glenfield Hospital,12,3,3,0,9,9,0
Catheter,Coarctation stenting,University College Hospital London,12,0,0,0,12,12,0
Catheter,Coarctation stenting,Birmingham Childrens Hospital,8,6,6,0,2,2,0
Catheter,Coarctation stenting,Freeman Hospital,7,0,0,0,7,7,0
Catheter,Coarctation stenting,Royal Liverpool Children's Hospital,4,4,4,0,0,0,0
Catheter,Implantable Cardioverter Defibrillator,National,106,40,40,0,63,62,1
Catheter,Implantable Cardioverter Defibrillator,Yorkshire Heart Centre,25,1,1,0,24,24,0
Catheter,Implantable Cardioverter Defibrillator,Royal Brompton Hospital,22,3,3,0,19,18,1
Catheter,Implantable Cardioverter Defibrillator,Glenfield Hospital,14,5,5,0,9,9,0
Catheter,Implantable Cardioverter Defibrillator,Bristol Children's Hospital,12,7,7,0,3,3,0
Catheter,Implantable Cardioverter Defibrillator,Royal Liverpool Children's Hospital,10,10,10,0,0,0,0
Catheter,Implantable Cardioverter Defibrillator,Guy's Hospital,8,6,6,0,2,2,0
Catheter,Implantable Cardioverter Defibrillator,Great Ormond Street Hospital for Sick Children,7,4,4,0,3,3,0
Catheter,Implantable Cardioverter Defibrillator,Birmingham Childrens Hospital,2,2,2,0,0,0,0
Catheter,Implantable Cardioverter Defibrillator,Liverpool Heart and Chest Hospital,2,0,0,0,2,2,0
Catheter,Implantable Cardioverter Defibrillator,University College Hospital London,1,0,0,0,1,1,0
Catheter,PDA closure (catheter),National,1494,1384,1383,1,85,85,0
Catheter,PDA closure (catheter),Birmingham Childrens Hospital,162,158,158,0,1,1,0
Catheter,PDA closure (catheter),Royal Liverpool Children's Hospital,154,152,151,1,0,0,0
Catheter,PDA closure (catheter),Royal Brompton Hospital,154,142,142,0,10,10,0
Catheter,PDA closure (catheter),Great Ormond Street Hospital for Sick Children,150,147,147,0,1,1,0
Catheter,PDA closure (catheter),Yorkshire Heart Centre,128,121,121,0,5,5,0
Catheter,PDA closure (catheter),Bristol Children's Hospital,124,108,108,0,14,14,0
Catheter,PDA closure (catheter),Guy's Hospital,124,110,110,0,11,11,0
Catheter,PDA closure (catheter),Glenfield Hospital,97,93,93,0,4,4,0
Catheter,PDA closure (catheter),Wessex Cardiothoracic Centre Southampton,80,74,74,0,3,3,0
Catheter,PDA closure (catheter),Freeman Hospital,76,70,70,0,6,6,0
Catheter,PDA closure (catheter),John Radcliffe Hospital,57,52,52,0,4,4,0
Catheter,PDA closure (catheter),Manchester Royal Infirmary,8,0,0,0,8,8,0
Catheter,PDA closure (catheter),University College Hospital London,6,0,0,0,6,6,0
Catheter,PDA closure (catheter),Queen Elizabeth Hospital Birmingham,4,0,0,0,4,4,0
Catheter,PDA closure (catheter),Northern General Hospital,1,0,0,0,1,1,0
Catheter,PFO closure (catheter),National,2051,18,18,0,2025,2023,2
Catheter,PFO closure (catheter),Royal Brompton Hospital,243,3,3,0,239,239,0
Catheter,PFO closure (catheter),John Radcliffe Hospital,203,1,1,0,202,200,2
Catheter,PFO closure (catheter),Bristol Children's Hospital,202,1,1,0,201,201,0
Catheter,PFO closure (catheter),Queen Elizabeth Hospital Birmingham,161,0,0,0,159,159,0
Catheter,PFO closure (catheter),Royal Sussex County Hospital,131,0,0,0,131,131,0
Catheter,PFO closure (catheter),St George's Hospital,125,0,0,0,125,125,0
Catheter,PFO closure (catheter),Wessex Cardiothoracic Centre Southampton,102,0,0,0,102,102,0
Catheter,PFO closure (catheter),Yorkshire Heart Centre,100,1,1,0,99,99,0
Catheter,PFO closure (catheter),King's College Hospital,98,0,0,0,98,98,0
Catheter,PFO closure (catheter),Glenfield Hospital,70,3,3,0,66,66,0
Catheter,PFO closure (catheter),Liverpool Heart and Chest Hospital,64,0,0,0,62,62,0
Catheter,PFO closure (catheter),Nottingham City Hospital,57,0,0,0,57,57,0
Catheter,PFO closure (catheter),Guy's Hospital,56,4,4,0,52,52,0
Catheter,PFO closure (catheter),Manchester Royal Infirmary,51,0,0,0,51,51,0
Catheter,PFO closure (catheter),St Marys Hospital,48,0,0,0,47,47,0
Catheter,PFO closure (catheter),University College Hospital London,43,0,0,0,43,43,0
Catheter,PFO closure (catheter),Hammersmith Hospital,41,0,0,0,40,40,0
Catheter,PFO closure (catheter),St Thomas Hospital,41,0,0,0,41,41,0
Catheter,PFO closure (catheter),Freeman Hospital,39,1,1,0,38,38,0
Catheter,PFO closure (catheter),Essex Cardiothoracic Centre,35,0,0,0,35,35,0
Catheter,PFO closure (catheter),North Staffordshire Hospital,32,0,0,0,32,32,0
Catheter,PFO closure (catheter),Northern General Hospital,13,0,0,0,13,13,0
Catheter,PFO closure (catheter),Wolverhampton Heart Centre,9,0,0,0,9,9,0
Catheter,PFO closure (catheter),Royal Liverpool Children's Hospital,3,2,2,0,1,1,0
Catheter,PFO closure (catheter),University Hospital Coventry,1,0,0,0,1,1,0
Catheter,Pulmonary artery stenting,National,262,175,172,3,68,68,0
Catheter,Pulmonary artery stenting,Birmingham Childrens Hospital,43,34,34,0,1,1,0
Catheter,Pulmonary artery stenting,Great Ormond Street Hospital for Sick Children,37,32,32,0,3,3,0
Catheter,Pulmonary artery stenting,Yorkshire Heart Centre,30,9,9,0,20,20,0
Catheter,Pulmonary artery stenting,Guy's Hospital,29,22,21,1,6,6,0
Catheter,Pulmonary artery stenting,Royal Brompton Hospital,22,9,9,0,12,12,0
Catheter,Pulmonary artery stenting,Bristol Children's Hospital,20,16,16,0,4,4,0
Catheter,Pulmonary artery stenting,John Radcliffe Hospital,14,12,11,1,2,2,0
Catheter,Pulmonary artery stenting,Glenfield Hospital,8,4,4,0,4,4,0
Catheter,Pulmonary artery stenting,Royal Liverpool Children's Hospital,6,5,5,0,0,0,0
Catheter,Pulmonary artery stenting,Manchester Royal Infirmary,5,0,0,0,5,5,0
Catheter,Pulmonary artery stenting,Freeman Hospital,4,4,4,0,0,0,0
Catheter,Pulmonary artery stenting,Wessex Cardiothoracic Centre Southampton,4,2,2,0,2,2,0
Catheter,Pulmonary artery stenting,University College Hospital London,4,0,0,0,4,4,0
Catheter,Pulmonary artery stenting,Queen Elizabeth Hospital Birmingham,3,0,0,0,3,3,0
Catheter,Pulmonary balloon valvoplasty,National,651,546,545,1,67,66,1
Catheter,Pulmonary balloon valvoplasty,Royal Liverpool Children's Hospital,81,80,80,0,0,0,0
Catheter,Pulmonary balloon valvoplasty,Royal Brompton Hospital,80,67,67,0,7,7,0
Catheter,Pulmonary balloon valvoplasty,Great Ormond Street Hospital for Sick Children,79,73,73,0,1,1,0
Catheter,Pulmonary balloon valvoplasty,Bristol Children's Hospital,55,45,45,0,6,5,1
Catheter,Pulmonary balloon valvoplasty,Birmingham Childrens Hospital,53,45,45,0,2,2,0
Catheter,Pulmonary balloon valvoplasty,Yorkshire Heart Centre,52,36,35,1,14,14,0
Catheter,Pulmonary balloon valvoplasty,Guy's Hospital,49,47,47,0,2,2,0
Catheter,Pulmonary balloon valvoplasty,Wessex Cardiothoracic Centre Southampton,44,35,35,0,7,7,0
Catheter,Pulmonary balloon valvoplasty,Glenfield Hospital,36,25,25,0,6,6,0
Catheter,Pulmonary balloon valvoplasty,Freeman Hospital,25,21,21,0,3,3,0
Catheter,Pulmonary balloon valvoplasty,John Radcliffe Hospital,17,11,11,0,4,4,0
Catheter,Pulmonary balloon valvoplasty,Manchester Royal Infirmary,8,0,0,0,8,8,0
Catheter,Pulmonary balloon valvoplasty,Queen Elizabeth Hospital Birmingham,4,0,0,0,4,4,0
Catheter,Pulmonary balloon valvoplasty,University College Hospital London,3,0,0,0,3,3,0
Catheter,Pulmonary valvotomy (radiofrequency),National,38,28,25,3,1,1,0
Catheter,Pulmonary valvotomy (radiofrequency),Royal Liverpool Children's Hospital,7,6,5,1,0,0,0
Catheter,Pulmonary valvotomy (radiofrequency),Guy's Hospital,7,6,5,1,0,0,0
Catheter,Pulmonary valvotomy (radiofrequency),Royal Brompton Hospital,7,5,5,0,0,0,0
Catheter,Pulmonary valvotomy (radiofrequency),Great Ormond Street Hospital for Sick Children,3,3,3,0,0,0,0
Catheter,Pulmonary valvotomy (radiofrequency),Glenfield Hospital,3,1,1,0,0,0,0
Catheter,Pulmonary valvotomy (radiofrequency),Wessex Cardiothoracic Centre Southampton,3,2,2,0,0,0,0
Catheter,Pulmonary valvotomy (radiofrequency),Bristol Children's Hospital,2,1,1,0,0,0,0
Catheter,Pulmonary valvotomy (radiofrequency),John Radcliffe Hospital,2,2,2,0,0,0,0
Catheter,Pulmonary valvotomy (radiofrequency),Birmingham Childrens Hospital,1,1,0,1,0,0,0
Catheter,Pulmonary valvotomy (radiofrequency),Yorkshire Heart Centre,1,1,1,0,0,0,0
Catheter,Pulmonary valvotomy (radiofrequency),University College Hospital London,1,0,0,0,1,1,0
Catheter,Radiofrequency ablation for supraventricular tachycardia,National,972,666,666,0,280,279,1
Catheter,Radiofrequency ablation for supraventricular tachycardia,Great Ormond Street Hospital for Sick Children,144,119,119,0,23,23,0
Catheter,Radiofrequency ablation for supraventricular tachycardia,Royal Brompton Hospital,141,29,29,0,97,97,0
Catheter,Radiofrequency ablation for supraventricular tachycardia,Bristol Children's Hospital,139,95,95,0,44,44,0
Catheter,Radiofrequency ablation for supraventricular tachycardia,Guy's Hospital,113,86,86,0,27,27,0
Catheter,Radiofrequency ablation for supraventricular tachycardia,Royal Liverpool Children's Hospital,99,87,87,0,12,12,0
Catheter,Radiofrequency ablation for supraventricular tachycardia,Yorkshire Heart Centre,98,74,74,0,22,22,0
Catheter,Radiofrequency ablation for supraventricular tachycardia,Glenfield Hospital,90,51,51,0,35,34,1
Catheter,Radiofrequency ablation for supraventricular tachycardia,Freeman Hospital,71,62,62,0,8,8,0
Catheter,Radiofrequency ablation for supraventricular tachycardia,Birmingham Childrens Hospital,49,38,38,0,9,9,0
Catheter,Recoarctation angioplasty,National,216,158,155,3,37,37,0
Catheter,Recoarctation angioplasty,Birmingham Childrens Hospital,43,33,33,0,0,0,0
Catheter,Recoarctation angioplasty,Royal Brompton Hospital,28,20,20,0,5,5,0
Catheter,Recoarctation angioplasty,Great Ormond Street Hospital for Sick Children,27,24,24,0,1,1,0
Catheter,Recoarctation angioplasty,Yorkshire Heart Centre,18,9,9,0,9,9,0
Catheter,Recoarctation angioplasty,Bristol Children's Hospital,12,10,10,0,1,1,0
Catheter,Recoarctation angioplasty,John Radcliffe Hospital,11,10,9,1,1,1,0
Catheter,Recoarctation angioplasty,Wessex Cardiothoracic Centre Southampton,11,6,5,1,2,2,0
Catheter,Recoarctation angioplasty,Guy's Hospital,9,6,6,0,3,3,0
Catheter,Recoarctation angioplasty,Royal Liverpool Children's Hospital,8,8,8,0,0,0,0
Catheter,Recoarctation angioplasty,Glenfield Hospital,8,7,7,0,1,1,0
Catheter,Recoarctation angioplasty,Freeman Hospital,5,4,4,0,0,0,0
Catheter,Recoarctation angioplasty,Queen Elizabeth Hospital Birmingham,4,0,0,0,4,4,0
Catheter,Recoarctation angioplasty,University College Hospital London,4,0,0,0,4,4,0
Catheter,Recoarctation angioplasty,Manchester Royal Infirmary,2,0,0,0,2,2,0
Catheter,VSD closure (catheter),National,135,65,65,0,60,54,6
Catheter,VSD closure (catheter),Birmingham Childrens Hospital,33,29,29,0,3,3,0
Catheter,VSD closure (catheter),Bristol Children's Hospital,22,8,8,0,9,7,2
Catheter,VSD closure (catheter),Royal Brompton Hospital,13,5,5,0,6,6,0
Catheter,VSD closure (catheter),John Radcliffe Hospital,11,8,8,0,3,2,1
Catheter,VSD closure (catheter),Glenfield Hospital,8,3,3,0,4,4,0
Catheter,VSD closure (catheter),Yorkshire Heart Centre,7,1,1,0,6,5,1
Catheter,VSD closure (catheter),Guy's Hospital,6,3,3,0,3,3,0
Catheter,VSD closure (catheter),Queen Elizabeth Hospital Birmingham,6,0,0,0,6,6,0
Catheter,VSD closure (catheter),Royal Sussex County Hospital,5,0,0,0,5,5,0
Catheter,VSD closure (catheter),Royal Liverpool Children's Hospital,4,3,3,0,1,1,0
Catheter,VSD closure (catheter),Manchester Royal Infirmary,4,0,0,0,4,4,0
Catheter,VSD closure (catheter),Wessex Cardiothoracic Centre Southampton,4,0,0,0,3,3,0
Catheter,VSD closure (catheter),University College Hospital London,3,0,0,0,3,3,0
Catheter,VSD closure (catheter),King's College Hospital,1,0,0,0,1,0,1
Catheter,VSD closure (catheter),University Hospital Coventry,1,0,0,0,1,0,1
</pre></body></html>Xtext/csvUUTF-8_hhttps://www.ucl.ac.uk/nicor/transparency/2012/transparency-data-files/chdtables/congenital-data-2010.csvP    ( : P n } Ú¨Ú±Ú·Û"                           Û#